Drug_ID,Disease_ID,Confidence
DB01078,MESH:D054537,0.7714080810546875
DB01506,MESH:D012640,0.6724040508270264
DB04310,MESH:D008106,0.27472203969955444
DB01589,MESH:D007319,0.22445814311504364
DB04566,MESH:D015459,0.18501447141170502
DB01125,MESH:D013927,0.08919653296470642
DB01066,MESH:D013262,0.06228261440992355
DB02854,MESH:D008106,0.04744013398885727
DB00340,MESH:D014987,0.04391336068511009
DB01490,MESH:D006976,0.04027558118104935
