Drug_ID,Disease_ID,Confidence
DB00386,MESH:D001943,0.9989148378372192
DB01125,MESH:D013927,0.9843296408653259
DB00663,MESH:D012871,0.9842244386672974
DB00147,MESH:D012640,0.9620898962020874
DB01589,MESH:D007319,0.9450677037239075
DB00931,MESH:D014839,0.9173386693000793
DB01545,MESH:D001008,0.9027222394943237
DB00340,MESH:D014987,0.21680709719657898
DB01299,MESH:D016778,0.09092319011688232
DB02843,MESH:D006012,0.052588868886232376
